jila_naam,jila_code,prakhand_naam,prakhand_code,gram_naam,gram_naam_hindi,gram_code,akshansh,deshantar,jansankhya_2011,anusuchit_jati_janjati_pratishat,saksharta_dar,barahmasi_sadak,nal_jal_pratishat,vidyut_parivar_pratishat,phc_doori_km,madhyamik_vidyalay_5km,aakankshi_jila,sandarbh_varsh
Gaya,BR.GAY,Tekari,BR.GAY.TEK,Sonbarsa,सोनबरसा,BR.GAY.TEK.SNB,24.952,84.823,3120,34,52,nahi,41,88,14,nahi,1,2024
Gaya,BR.GAY,Tekari,BR.GAY.TEK,Kurmawan,कुरमावां,BR.GAY.TEK.KRM,24.931,84.801,2890,29,55,nahi,45,90,16,nahi,1,2024
Gaya,BR.GAY,Tekari,BR.GAY.TEK,Belhari,बेलहरी,BR.GAY.TEK.BLH,24.968,84.858,2410,38,49,nahi,38,85,18,nahi,1,2024
Gaya,BR.GAY,Sherghati,BR.GAY.SHG,Dumri,डुमरी,BR.GAY.SHG.DMR,24.548,84.781,4200,31,58,nahi,55,92,9,haan,1,2024
Gaya,BR.GAY,Sherghati,BR.GAY.SHG,Rampur,रामपुर,BR.GAY.SHG.RMP,24.571,84.812,3600,22,61,haan,62,94,6,haan,1,2024
Gaya,BR.GAY,Imamganj,BR.GAY.IMG,Kothi,कोठी,BR.GAY.IMG.KTH,24.412,84.571,3900,45,47,haan,22,80,11,haan,1,2024
Gaya,BR.GAY,Imamganj,BR.GAY.IMG,Rampur,रामपुर,BR.GAY.IMG.RMP,24.389,84.603,2750,48,44,nahi,18,78,13,nahi,1,2024
Gaya,BR.GAY,Bodhgaya,BR.GAY.BDG,Bakraur,बकरौर,BR.GAY.BDG.BKR,24.699,85.003,5100,36,57,haan,60,95,12,haan,1,2024
Gaya,BR.GAY,Bodhgaya,BR.GAY.BDG,Mastipur,मस्तीपुर,BR.GAY.BDG.MST,24.681,84.972,2300,33,55,haan,58,93,10,haan,1,2024
Gaya,BR.GAY,Wazirganj,BR.GAY.WZG,Fatehpur,फतेहपुर,BR.GAY.WZG.FTP,24.831,85.221,6100,27,60,haan,50,91,7,nahi,1,2024
Aurangabad,BR.AUR,Obra,BR.AUR.OBR,Khaira,खैरा,BR.AUR.OBR.KHR,24.851,84.402,3300,30,59,nahi,48,89,10,haan,1,2024
Aurangabad,BR.AUR,Deo,BR.AUR.DEO,Deo,देव,BR.AUR.DEO.DEO,24.659,84.434,9800,24,66,haan,64,82,4,haan,1,2024
